,Sequence,Entropy
0,CAAACCGGCTCACCT,9.967453475008922
1,CAAACGGCCAGGTAA,9.834938057941656
2,CAAACTTAACAGTAC,9.941794546356167
3,CAAATCGACAGTCTA,10.051015932050692
4,CAACACCTCGTTTAG,10.399647634143294
5,CAACATATTGATTAC,10.50598404676309
6,CAACCTGAGTTGACC,10.135306879174202
7,CAACGCAGGACGACA,10.122844524621618
8,CAACGTTATCCTGTC,10.126917979417517
9,CAACTACACTTTGGC,10.320276896157488
10,CAAGGGGAATTTCTC,13.503755296921083
11,CAAGGTCTACTGCGA,13.15649616834158
12,CAATACTCAAGCTAC,9.969644607933215
13,CAATATTTCAAAGTA,10.179877453810755
14,CACACCACGTGTCAC,9.727739821345695
15,CACACGTTTAGACGT,10.014730916982096
16,CACAGGGACTCTAGG,10.58504536021888
17,CACATGGAGCTTCTT,10.42798698387987
18,CACCATGCACATTGA,9.889852647512893
19,CACCGTCCGAAAGCT,10.419352528313963
20,CACCTGGGCGACTCC,10.004299265839288
21,CACGAATCTTGCGGG,12.96271641964313
22,CACGCCTTGGATACG,13.45833137040572
23,CACGCGATAATGAGC,13.387860852722705
24,CACTAGTTCTTAGAG,10.650514232186437
25,CACTCGGTTGCGACG,10.185641652368096
26,CACTGCTACTGCCTC,10.23850293024939
27,CACTGTTCCATTCTA,10.039283028033973
28,CAGACTGTCCCTAAT,11.85190774777994
29,CAGCACCGCCTTCAA,10.522271345390376
30,CAGCAGGCGGCTTGT,9.675572801065073
31,CAGCCCTCACATACT,11.727024590479084
32,CAGCCGATCTTGGAG,11.431349981291095
33,CAGCGCTGGCTTGAC,9.28653968458723
34,CAGCTGCGCACGCCC,11.079187477356792
35,CAGCTGTATTGAGCG,11.546586077430987
36,CAGCTTATGCCACAA,11.33172578017001
37,CAGGGGAAGAGACGC,9.518178652632733
38,CAGGTGACCGACGGT,12.441563952373135
39,CAGTCCTTCGCCTGA,12.704728097324976
40,CAGTTAGTACATTAC,11.602460493622807
41,CAGTTTTATGAACTG,12.196186776720792
42,CATAAACCTCGCCAG,9.585610588016598
43,CATAAATTAATTGTA,9.75517891085262
44,CATAATACGTCTAAA,10.015032368332909
45,CATACCCAAATCTAA,11.16188372344996
46,CATACTAAACCTCTA,11.317038709369433
47,CATAGAAGTCTCTAA,9.42350358735822
48,CATAGTCTGAGGAGG,9.974929338090334
49,CATCAAACGTAACAA,9.551109513264258
50,CATCAAGCGGGCCCG,9.555053013769845
51,CATCACGCTGGGATT,10.18180847237225
52,CATCCCGTTGTATAG,17.305999966532084
53,CATCCGCATACCGCT,11.153749993985802
54,CATCGTACCCACCTT,9.428611905284503
55,CATGCAAAGATTCGA,11.000371229897889
56,CATGGGACCTGCTGA,9.744068161363248
57,CATTACCACTGACGG,13.601132095223925
58,CATTCCTTGTCTCGA,12.924721975435729
59,CATTCGGGGTGTCGT,11.625536028861005
60,CATTGGTGAAAGGTT,9.591251917381657
61,CATTTAGCGGGTTCA,16.221118356311603
62,CCAAAATGAAGGGAT,10.206826284885087
63,CCAAACGCCTGCCCC,10.075739226835353
64,CCAACCACAGACCTG,9.888233258295594
65,CCACAGCCTGCGAGA,10.483862584145331
66,CCACCATGCCTTCCC,12.520166432054832
67,CCACTAAAACTGCAC,10.430299744890982
68,CCAGATTGCACCCGA,13.57129499078694
69,CCAGCTATCTCCCGT,13.460545394742637
70,CCAGCTCTTTAATCC,13.009603963364746
71,CCAGTAGCTCTAGTG,13.0314221641094
72,CCATCCAAGTAGGCC,9.853914627806285
73,CCATGCGGTACTGGA,10.157332245363698
74,CCCAAACGTACGACT,10.538470584253016
75,CCCAACCAGCTGAGC,10.427614908014997
76,CCCAAGTTGCAAATG,10.518508138331612
77,CCCACCCTGTTGTGA,9.903796466073343
78,CCCATCAAACGTAAG,10.551048311006571
79,CCCCGTACAACTGAT,10.632474499728794
80,CCCCTTCTCTCAGCA,10.655443140635136
81,CCCGAAAATGGATCC,13.071064242137195
82,CCCGATTAATTCCGC,13.640224843219478
83,CCCGCGGATAGTGTG,13.07313733197724
84,CCCTAAGGATATATA,10.437863160174327
85,CCCTAATCCTGTATA,10.210477895244868
86,CCCTATTAGTATAAT,10.930603761296044
87,CCCTCGCCTACCGCT,9.981692842409494
88,CCCTGTTATTAGGCC,10.397559902085147
89,CCCTTACACGTCCCT,10.613803030302034
90,CCCTTCGAGATTTAG,10.644835836532543
91,CCGAACAGACTATAC,10.659678934818444
92,CCGACCTTGCCATAC,12.910754977415936
93,CCGACGTTCCCATTA,11.656227401394244
94,CCGAGGATTTCCGCG,9.9641719238046
95,CCGATACCGCCAGGA,11.019108719215858
96,CCGATATACGCGTAC,14.829063890985362
97,CCGCAAGCAGATTGC,9.805377131259542
98,CCGCACGGGGACGAA,10.299266745564053
99,CCGCCCAAGCGTAGA,11.290342037216655
100,CCGCCTAACCGTTAC,11.565084701801505
101,CCGCGGTACGGAAGC,9.269804853950356
102,CCGCGTATTGGCATA,9.51489733437946
103,CCGCTGAGGTTTAGA,11.928408448225996
104,CCGGACAAAAAGTAA,10.49224351887955
105,CCGGGGAGTGAATGA,9.61157945403338
106,CCGTAGTCGACTGAT,9.956979610280587
107,CCGTGATCAAACTGG,9.848281794535929
108,CCGTGGAAATCACCT,9.909175588076838
109,CCGTTGAGATTCAAC,12.988681565900537
110,CCTAACCCAATAGGC,10.263596805755483
111,CCTACGGTCGGTTCC,12.714059206288931
112,CCTACGTACTCACCG,11.809989330070122
113,CCTAGTCACTATACT,10.42841119644211
114,CCTATCGTGAATTGA,12.880363371715625
115,CCTATGAGGGCACCG,12.100572715778489
116,CCTATTCCCGCCCGT,11.674098006083938
117,CCTCACTCCCAGTTT,10.575008512533865
118,CCTCATGTGGAAATA,10.278683409866137
119,CCTCCAAATTCTAAT,11.209767106925115
120,CCTCGGTAATAGACT,9.62707623242407
121,CCTCGTCCCTGTTCC,9.576467023057589
122,CCTCTGCTCGACGTG,11.298035317293946
123,CCTCTGGCTTACCGG,13.17846822361716
124,CCTGCTAGTTACCCT,11.74781726405655
125,CCTGGCCCTTGGAGC,10.545422693778
126,CCTGGCGAAAGAGTT,10.922441779089391
127,CCTGTAGGGAGTTTG,11.902133011644167
128,CCTTAGTGCCCTGGC,9.772789416954554
129,CCTTCTTGTAGGTCC,12.335735126039449
130,CGAAACCTAATAAGC,10.317519071145377
131,CGAACCGGCGCCCCC,9.989805503001046
132,CGAAGACTGATACCT,10.3806049255196
133,CGAAGACTTCTTACT,10.469539324107338
134,CGAAGATGTGCGCGA,9.88561385441074
135,CGAAGTAACGTCACG,10.25912792826504
136,CGAAGTGTAACAGTA,10.137051201382391
137,CGACAGAATCATCTT,10.484007970052414
138,CGACCTGCAGCATTG,10.14287740890014
139,CGACTCGGAGCTAGG,9.960916932203798
140,CGACTGCTGCAATCC,10.570586242085554
141,CGAGACATCAATTGG,13.346384523573066
142,CGAGCAGCTATGTCA,12.936932296244905
143,CGAGTAGTGAAAGCC,13.545723374975356
144,CGAGTCTGTCTCGCC,12.863951498177444
145,CGAGTTTAGATGCGT,13.38112750315276
146,CGATTATGACCTGAT,10.267701889833416
147,CGCAGCGTCATTAGG,10.028652192887218
148,CGCCAGCTCCTGCGC,10.363397360722765
149,CGCCAGGGATTAGCA,10.096988732321336
150,CGCCAGTTATTCGTA,10.26017415339984
151,CGCCAGTTCTTGGGC,10.135084003273557
152,CGCCCAATGATATGG,10.55499648444024
153,CGCGATTGTGCCAGG,12.833255317080209
154,CGCGCACTCAACCAT,13.611820522916942
155,CGCGCAGTCGTTTCG,13.705057801058508
156,CGCTAGTGAAGGCAC,10.77811482473447
157,CGCTGAACCTCTGAC,10.397724541593266
158,CGGATGCTGTTTGGC,10.57613404933644
159,CGGCATCTTAGCCCT,10.572974217192792
160,CGGCCGTAAGTCAGC,10.04347083410484
161,CGGCTTGCCCTAACC,10.056665049158209
162,CGGGACTGCTGTAAC,10.174660823112632
163,CGGGATGCTGCCCTC,10.020855741711893
164,CGGGCTACTTTCCTG,9.873665280642856
165,CGGGTAACATTGGTA,10.40334088116684
166,CGGTAACACTGTTCC,10.48246962256569
167,CGGTAGAGTATTCAC,10.844527080930757
168,CGGTCGAGTTGTCAA,9.905766021541051
169,CGGTGATGCCACGAA,9.991657642981496
170,CGGTTAAGACTTCCC,10.468465194695629
171,CGGTTCCGAAACCTC,10.5749823501163
172,CGGTTGAAGCGTCAG,10.494420270723564
173,CGTAACCTAATACAT,10.41877308401414
174,CGTAGGGAGGGCATT,11.085062121474657
175,CGTATTCGCTCCGCT,10.568424580670849
176,CGTCAAGTATAAAGT,10.131600751785792
177,CGTGCACTGTCATAG,13.670333450351016
178,CGTGCCGCCATCGGC,13.301647708732045
179,CGTGGCCTTCTGATC,12.856892140018092
180,CGTGGGCATTTGGAT,13.074773895781943
181,CGTGTACATGCCGCT,13.137121472248287
182,CGTTACAACCTGGAT,10.282101124375613
183,CGTTACATGATAATG,10.464126479708735
184,CTAAGGACTCACTGG,10.78909102700844
185,CTAATAAGGCCAAAT,10.6529293503207
186,CTACCTGTTTTTTTA,10.65944430920038
187,CTACGGGACAGGATT,11.063701248313336
188,CTAGAAACCTATCCT,13.8226504123133
189,CTAGACCTTATAGAC,13.064842125065082
190,CTAGAGGTCAAGCAA,13.636549395177363
191,CTAGCGTTCACTTCG,14.149764752936289
192,CTAGTACGGAGAATC,13.91940414925558
193,CTAGTGGCCTAGAGC,13.703350944858672
194,CTATATTGACTCCTC,10.535062434719528
195,CTATCATGCTTCGGC,12.439375649564624
196,CTATCTAGATTCCAC,10.113263204389256
197,CTATCTAGCTCATGT,10.263913384246568
198,CTATGAAACGTTTCC,10.679230850277644
199,CTATGTCAGCACCGC,10.78364430601781
200,CTATTCGCCTGGGGA,10.26214539166753
201,CTCAGAGTGCGTAGC,10.552130941421758
202,CTCAGGTTTGGCATT,10.86461407947724
203,CTCCAATTCATATCG,10.391105498170624
204,CTCCCTGGACGCTAG,10.385871208833294
205,CTCCCTTAGTCGTAA,10.39919721095614
206,CTCCTAGCCAGGTTG,10.32059562077152
207,CTCCTCCGCAAAGCA,10.669203592707566
208,CTCCTCTTCTCGACT,10.554318465806531
209,CTCGAAGTTCGGTGT,13.264772959783343
210,CTCGACTATAGATGA,13.148061091967332
211,CTCGACTCGACACCG,13.781664672010072
212,CTCGATAAACAGTGC,13.373156139867122
213,CTCGATTCCGGAGGG,13.747346423289748
214,CTCGGACCTCTTTCA,13.368332685842004
215,CTCGGTTACAGGCGC,13.682944245689663
216,CTCGGTTTATAGCTA,13.669705407713224
217,CTCTCTGAAAGTGCT,10.605043346152565
218,CTCTGCTCCTCCCCA,10.35316949381305
219,CTGAACAGTAAGATA,10.730050888070569
220,CTGACGACCCGGCGG,11.771260002025516
221,CTGATTATATCGGGA,11.740823771605475
222,CTGCAGGTGGTGTGT,10.15752255060589
223,CTGCCCTTTCTGGTG,13.151883512689986
224,CTGCGACTGGGAATG,9.48330056310802
225,CTGCGGGTAGTGGTA,9.784457253874614
226,CTGCTTGGTGGAACT,13.350672943522998
227,CTGGAAACACTCATG,10.021169273137604
228,CTGGATACGAATGAG,10.315054885123788
229,CTGGGAGGGACATTT,9.71987869857395
230,CTGGTGAGCTAGCTT,11.981335243367504
231,CTGTTAACGTCTCCT,11.382216789911404
232,CTGTTGTTGCCATAA,12.955248720815453
233,CTGTTTGCGTGCAGT,13.739591663376196
234,CTTCACAGGCAACTA,10.50614634652124
235,CTTCCAGTACACCTC,11.965964361450313
236,CTTCCGGCTGCGTCC,15.947036257946962
237,CTTGCGGTCATACAC,11.94660787671327
238,CTTGGAGAATTCCGA,10.0504149375664
239,CTTGGTTGCTCAAGT,10.2600563800482
240,CTTGTAATACTTACT,11.32597228880703
241,CTTTAAAGCCGAAGG,9.788723843907908
242,CTTTAGTTGAAGGAA,10.063157785714818
243,CTTTGTTTACTGGGC,10.612985932353032
244,CTTTTCACACTGCGC,11.547859563893573
245,CTTTTGAGCTCCGGA,13.124101735946326
246,AAAAAAGAGGACAGT,13.65766147996351
247,AAAAAGCGTAGTTTT,12.49191967145268
248,AAAACCTTAGGGCGG,11.887164490851523
249,AAAACGCATGGGTCT,12.27189306224144
250,AAAAGAGCAGGAATT,12.725252773591407
251,AAAATAGCTCGGATC,16.583780463497614
252,AAACAGTGAAAATCT,12.184712784342237
253,AAACCGACTCTCCTT,12.30642964994071
254,AAACTGGTGCTAGTC,16.47700781250809
255,AAACTTATCAGATGG,14.630456344616576
256,AAAGCCGATACATCA,12.68700112994383
257,AAAGCTCCTGGCCTG,11.901222563630457
258,AAAGGCACCAACGCG,11.90161206154226
259,AAAGGCCCGTTTAGT,12.176344188181814
260,AAAGTATGTAGAGAA,16.292817419465113
261,AAATATAACATTCGC,12.187296481204516
262,AAATGATTTAGCACT,11.882022208637483
263,AAATTCTAGAGGGAC,20.187597816117545
264,AAATTGAGGGGACGG,16.476906372386992
265,AACAACGGTGCGCTG,12.412217715048865
266,AACAATCATAAGGCG,12.319628856930494
267,AACCACTGATTATAG,11.881629944063118
268,AACCATGTAAGGAGT,12.620149353546909
269,AACCGATCGGCTGGA,11.98470121846343
270,AACGAAGTCTAGAGG,13.16105967098482
271,AACGGAGCAAAAATG,12.704584221883126
272,AAGAACGGGATCGAG,12.348877460867111
273,AAGACAAACGTCACG,12.333688974887927
274,AAGACAGTCACCGTC,12.830220668325987
275,AAGACTATCTAATAA,12.00570250799367
276,AAGACTTTCACTTCT,12.043692082565595
277,AAGAGAAAATAGTGG,12.096891312833645
278,AAGAGATAGGAAGAA,12.043474089956751
279,AAGAGGGGTTAGGGC,12.301254679907032
280,AAGATGGTTGTGGCT,16.75567556263867
281,AAGCTAGTCGTATCC,16.41292129600036
282,AAGGAACGTGTCATA,12.075181731817857
283,AAGGAGATGGTTGAA,12.249057553219298
284,AAGGGATTTTTCCTT,12.11454960862666
285,AAGTACTAACCGAGG,11.698315370288832
286,AAGTATAGGGACACG,12.05665831602906
287,AAGTCCGCTCAAAGG,12.592445083507377
288,AAGTCGCAGTTTTAA,12.44278113589048
289,AAGTGGGGAGTCAGC,12.138892767960012
290,AATAATAGACGACTT,12.237156875599103
291,AATAGTACTAAAGCC,12.26091789992244
292,AATCAGATTAGATCG,12.240507626315726
293,AATCCACGAGCAATA,12.032333451526254
294,AATCCCTCAATCTTG,11.92427288621056
295,AATGAGAATGTACGA,12.194986341463968
296,AATGATCGCACAGGG,12.092085307167642
297,AATGCAGTACATGGG,12.864846250955033
298,AATGCTCACTCGCTA,12.190636992382784
299,AATGGGGTGGTGCGC,12.34353562403352
300,AATGGGTTCCCAGTT,12.512499461855896
301,AATGTATTAGACTTT,16.919852815556315
302,AATTCCGCTCGTCGG,12.791187457525952
303,AATTCGGTTCCTTAC,12.435328784146767
304,AATTGGCCCAAATTG,12.182348824365445
305,AATTTATCGAGCATA,16.304728745173122
306,AATTTTAGTAACAGA,20.7990672349346
307,ACAAAAGAGTACGGA,14.045951149275888
308,ACAAGGCCAACAAGT,12.579020084050736
309,ACAAGGGACGTGGCT,12.651561397919902
310,ACAATATGTCACGGC,16.866410437716585
311,ACACACGGATGGAAG,12.503528408648284
312,ACACACGGGTGGCCC,12.536748504520531
313,ACACAGTCCTCCTTT,12.900510364144582
314,ACACATATGCATATA,12.315239582368529
315,ACACCAAACATTAGT,12.591415925439437
316,ACACGCACGAGTCAC,12.303225460343985
317,ACACTCCCCATGAAG,14.513790418676374
318,ACAGACCTACCGTTG,12.654545611213647
319,ACAGATTCGAGTTAC,12.405430483364906
320,ACAGCGGGTAATGGT,12.489656061017428
321,ACAGGCGGACGGTGT,12.629240330404564
322,ACAGGGCAGTGTAGG,12.679739121228032
323,ACATGAACCAATGGA,12.274575687802171
324,ACATGACGGGGCAGT,12.301018744582374
325,ACATGGGTTAATGGG,12.480258713958523
326,ACATGGTGATAGGAT,12.704176038972292
327,ACCAATCCGTTATTG,12.525393027980266
328,ACCACACTCTGAACC,12.413914591251046
329,ACCACCGTCTTAGGC,13.42295826168428
330,ACCACGACCAATGAA,12.639954507267346
331,ACCACTTAAGGAGTC,12.189390769982932
332,ACCAGAGTACTGCTC,13.211140058905311
333,ACCAGGTGTGTGCTT,12.802357141291392
334,ACCATCTCAGGTACA,14.793387626271103
335,ACCCACTGAGCGCCT,12.26286618599131
336,ACCCGCGTCAACTCT,13.089473447950668
337,ACCCGTACCCCCAGC,12.737133078267808
338,ACCGATCGAATGAGC,12.24650070408201
339,ACCGCACACAGAAGT,12.324844736332416
340,ACCGGAGAAAGCAAC,12.977855003259698
341,ACCGTCCATCGCCGC,28.16620068755021
342,ACCGTGGCGAACCCC,17.005432118050926
343,ACCTAAGTGAAACCG,13.742826746464988
344,ACCTGGCTTATATTG,12.61236438038258
345,ACCTTAAGGCTTAGC,16.956130788436976
346,ACCTTCGATAAATTC,28.284992447348426
347,ACCTTGGCATTGCGC,16.76120866349349
348,ACGAACGCGTGTGGA,13.621090247544396
349,ACGAAGTGCTCCCGT,12.830481135647991
350,ACGAATTTCTTACAG,12.291554352044123
351,ACGACAAGGCTCAAA,12.682249539778844
352,ACGACACATGTGAGA,12.45926126124834
353,ACGACTCAAATTGCA,12.305058974750777
354,ACGATGTGGAATCCC,17.15810332288208
355,ACGATTTGGGGGAAT,21.216580529980824
356,ACGCCGTTAGTAAGT,12.506310997853708
357,ACGCGCTCCAACGAC,11.998090503024269
358,ACGCTTTGTTTGATC,18.73028883729966
359,ACGGAATCAAACGGA,12.092811375136012
360,ACGGAGGAGCACGTG,12.474146938216464
361,ACGGCTCGACAACTG,12.38479813795959
362,ACGGGTGGTGAGGCT,12.612774854283217
363,ACGGTTGACCGGGCT,18.37046544073349
364,ACGTACCTGAATGTA,12.258315458469797
365,ACGTGATTCGAACCC,12.168379834545616
366,ACGTTGTATTACTCT,17.401869722285944
367,ACTAAAACGCGAATG,12.551192686229095
368,ACTAATCGAGTGTAT,12.605585069103215
369,ACTAATTACGTTGTA,12.296279279344263
370,ACTACTCGTGGGGAC,12.428529977893623
371,ACTATTGCTTCCAAG,14.964755634192707
372,ACTATTTTTATAGAT,15.315709740686083
373,ACTCACAGGTATTAC,12.64220439529158
374,ACTCAGCAACAACCG,12.81035959514977
375,ACTCCTGCGAATTCC,13.104907678567065
376,ACTCCTTTCGTGGCC,12.162021695911676
377,ACTCGGGTCATACTG,12.662492356034974
378,ACTCTTCAGGTTGAA,13.91821276257682
379,ACTCTTGAGGATGAC,21.31067089072129
380,ACTGAATATACAAAA,12.229541339445596
381,ACTGACGAGATCTCA,13.85022404120366
382,ACTGGAGTACGAGGC,13.171259688437669
383,ACTTAACAACAGCTA,12.760309743716292
384,ACTTCTGCCTGCCTA,13.675277640682706
385,ACTTTGATCCAGGCT,17.05646771345953
386,AGAAACAGTGGAAGT,12.117533654749634
387,AGAAATGTATAGAAG,13.196334852323169
388,AGAACCTTCCTTTCC,12.145322109400071
389,AGAACTTTGTTAGCC,12.176417546647194
390,AGAAGGCCTAGACAC,12.42098105172262
391,AGAATAGTAGGGCGT,16.89857583477809
392,AGAGGTTGGCCCGAT,11.937304340037398
393,AGATGCAAACGCTGC,12.119587506109
394,AGATGGCCAGATATA,12.286848367215343
395,AGCACGATGCGAGCA,12.408601743370344
396,AGCATAAGAAAATAT,16.805429095925316
397,AGCATGGAGCTTAGG,16.99941156529732
398,AGCCACCGTAAAGCT,12.192292943022814
399,AGCCAGTCCCTTACG,12.160267000849217
400,AGCCCATGTACAGAT,12.007987691342256
401,AGCCCGCGTGTGTCA,12.341914619532677
402,AGCCGGAACTATTGA,12.301099006859513
403,AGCCGGCAAGTGGTT,12.343077322062893
404,AGCCTCACGGTCCTA,14.497159732312095
405,AGCGAGTCGCTTCAC,12.300139994419975
406,AGCGGGCCATTGCCT,12.717605334065428
407,AGCTAGAATCTGGGG,12.360040786996649
408,AGCTGGAACACGCTT,12.390726067097958
409,AGCTGTGTGAACCCA,13.594497518199365
410,AGCTTAACAAAGAGT,16.509449860527077
411,AGCTTCGGCGTCGTG,16.27369534131286
412,AGCTTTGAGCGGGTA,20.823849868027512
413,AGGACACGTTTTTGG,12.51510296060871
414,AGGACTATCTAGATC,12.143506620007043
415,AGGAGAATATAAGAG,12.133114175186844
416,AGGCATACTCTTTAA,12.251373460718549
417,AGGCCGTCATTAAAT,12.453286504641676
418,AGGCTATGACGACTT,16.51208283453168
419,AGGGAACCGAAAATC,12.195849080356362
420,AGGGCTCTTGGCCCC,12.027455743573563
421,AGGGTACGCCTACCA,16.293195445293122
422,AGGTATAACCCAATA,12.176793671678372
423,AGGTTAAGTTCGATT,16.754459979269605
424,AGGTTCATCCGCGGG,14.739742986130922
425,AGGTTTAGGGAAAAC,20.488920112234887
426,AGTAAAACATAGATA,12.25142001199252
427,AGTACCGGTCCTGTC,12.62731870762242
428,AGTACGAGATTTAAG,12.49174270591303
429,AGTATCAATAGGGAG,23.739095370098468
430,AGTATCAGGACAATT,20.81088581699543
431,AGTATGCGTTTGACC,16.86155652358929
432,AGTCGAAACTACTTT,12.356199948830138
433,AGTCGTTCCCTGAAA,12.019067680626469
434,AGTGCCAGTCCACTC,12.262200605389536
435,AGTGCTGTCATACAA,12.789958667302876
436,AGTGTCCAAAGAATC,20.351152238580674
437,AGTTGGAAACGTACC,12.326329822950566
438,AGTTGTATTCATCCT,12.386777781819708
439,AGTTGTCAGTCCAGA,12.18511838784958
440,AGTTTCTCGCAAACC,14.611222138645235
441,AGTTTGAAACGTAGC,17.051863314153046
442,AGTTTGGGCCGCTTG,17.17477247361995
443,ATAAAAGCACCCCTG,10.6816407618574
444,ATAAAGCAGAAAAAT,10.68317870201704
445,ATAAAGCTGTACGAG,10.776891382040091
446,ATAAGGTATCAGGAG,10.764970186743597
447,ATAATCGTTCCTCGA,11.052984142811306
448,ATAATTAGCATCCCG,10.887460165827
449,ATAATTTCTGAAATT,10.836640623118283
450,ATACAGGTTGCAGAA,10.67504263270167
451,ATACTCGCGTGCTCT,10.68190562548036
452,ATAGCAAGTCCTGCG,13.557644238932712
453,ATAGCATGTCCCGCT,13.551479177892231
454,ATAGTGGACCAATTT,10.997654511540226
455,ATATACCCACTGGAC,10.47567222027937
456,ATATCGGTCCTTCCA,12.786768834000036
457,ATATTGAGAGATCTG,13.467721371773363
458,ATATTGGCCCATTGA,20.97676399134927
459,ATCAAGGCGGCGTTA,10.744705500361576
460,ATCAGGCCCGCTTAA,10.711904742108873
461,ATCAGTTGGTCCTTG,11.321633839483622
462,ATCATTGTGCTACCG,10.908733824857151
463,ATCCTCAGACTTTAC,10.997262222249244
464,ATCGGAAAGTCGGAA,10.823710521207492
465,ATCGGAGACAAAGGA,10.754879224926542
466,ATCGGGGGCGGCCCT,10.909760206161524
467,ATCGTATCTCATAAG,10.838445284197777
468,ATCGTGTACTACAAC,10.826253193053056
469,ATCTCAGGCTTTTCT,13.610111771047658
470,ATCTCCGCAGAGTAT,13.353983238546924
471,ATCTCTGTTACTTCA,13.357225252936468
472,ATCTGAACGTGACAT,13.535802566392825
473,ATCTGAGATGCCCTC,13.478876817958485
474,ATCTGGCTAATTAAT,13.414128411400702
475,ATCTTAGTTCAAGTA,13.474009327203168
476,ATCTTTACTAATAAG,13.275634376644852
477,ATGAAGAAAGTGATT,12.781762579638947
478,ATGAATGGAATGACC,13.242608331835047
479,ATGAGGGATATGACT,13.800236903756703
480,ATGATCCACGTCAGG,12.32503101751904
481,ATGCAAGTTTGGTTC,13.894528438908193
482,ATGCAATAACATAGA,11.670848121166856
483,ATGCCTATACTACCC,11.663358244322977
484,ATGCTCATTTACCCA,11.91759576577956
485,ATGGCGAGGCTGTAA,11.873679970421716
486,ATGGTTGTTTCTCCT,14.628487123853152
487,ATGTAATCGGAATTG,11.8239392607463
488,ATGTAGGAGTTAAGT,13.227859451652604
489,ATGTCTTCTCCGATA,11.437087884183038
490,ATGTTTTAGGAAATA,12.233146330730296
491,ATTACGAAATCTCTG,11.613857059617455
492,ATTATTGGTTTTAAA,12.436145317707131
493,ATTCACAAAGGATGA,12.439543324242624
494,ATTCAGCGTTAGGTC,12.270865462824736
495,ATTCCAGTCTGTGAC,14.358068717088656
496,ATTCCCAACCCAACA,11.149096349060326
497,ATTCCCACTTTGACT,11.46684460647605
498,ATTCCTATAGCTTCA,11.73169826845034
499,ATTCGGACGCGATTG,12.454311559032936
500,ATTCTTTTGCTATTA,11.855664657410069
501,ATTGGTTGTAATTAA,12.457286189997292
502,ATTGTGTGTCGTTCC,12.846446488614433
503,ATTTACGTTACTCTT,13.903750812890294
504,ATTTCCGGGGCATGT,12.00617287279269
505,ATTTCGAACCTCAGA,11.464046661121891
506,ATTTGCAAGCAATAA,12.35244488901827
507,ATTTGGCCCCGTGTG,12.399731820853765
508,ATTTTAGCAGGTACT,14.341921212869254
509,ATTTTCGATGTCGTC,12.565288425211318
510,TAAACGCTATCTTGG,12.757041562190713
511,TAAACGGAACTGCGA,12.510837141898142
512,TAAAGACTCACGCGT,12.625961781194764
513,TAAAGCACCTTATCA,12.368949211106786
514,TAAAGTAACGGCGAA,12.226850096401376
515,TAAAGTCGATGGAGC,12.392890006605333
516,TAAATTAAATACTTG,21.11176843220063
517,TAAATTACCTCAGAT,14.775706686463838
518,TAACACGAATCCGCC,13.025769371259738
519,TAACATCCGGGGACT,12.156219506533256
520,TAACCTTGTCACCTC,12.12116190348181
521,TAAGCGCCATCTTGC,12.685965975871705
522,TAAGGACCGCGGTTG,12.227160204461857
523,TAAGTAGGATCTAAG,17.01547093399674
524,TAATAGGTACCTTGA,12.436198715808738
525,TAATATCCGACGTGG,12.415709077433212
526,TAATGAGTACAAAAC,12.943492792010575
527,TAATGGGGCAGGAAG,12.31150896741529
528,TACAAAGTGCAGGGA,13.85237828026275
529,TACACTAGTCCTTCA,12.421002844434256
530,TACATAGTTTTCGTG,17.20786322892478
531,TACATCGTTAAACCC,15.09633102660954
532,TACATGCTAAAGAAC,16.793539745213078
533,TACCACAGGGATAGC,12.380661974386753
534,TACCCGGGCTTTCGA,12.510025414593027
535,TACCCTATGGCGTCC,12.431838593439425
536,TACCGAGCTTAGTGC,13.378480665366936
537,TACCGAGTACGCTCC,13.174574406790382
538,TACCTGAACGAGGGC,16.752005569197138
539,TACCTTCCGACAGAG,13.628160258032464
540,TACCTTGCCGGGGGC,14.60249448799357
541,TACGCATCGTCGAAA,12.189991516105042
542,TACGCCCAACTACCG,12.191227470957749
543,TACGCGACGATTATT,12.533561701083718
544,TACTAGGTAGACCTG,12.473347035859677
545,TACTATTGAGCTAAC,12.02167240704678
546,TACTCCAGCCCTGTA,12.330809929259992
547,TACTTACAACGAGAG,16.540810018668545
548,TAGAACATCCGGGAG,12.561040463626732
549,TAGACCGGACCGGCA,12.51861738911155
550,TAGAGCCGATCTACC,12.453707943891551
551,TAGAGGTGCCCAGTT,12.690504858504356
552,TAGATAAGGGCCTGC,16.870265753877092
553,TAGCCCCCCGCTAAC,12.12313627791067
554,TAGCCGATGGTCGAA,12.356580959308918
555,TAGCCGGTGATCAGG,12.340568917514954
556,TAGCCTAGCGGCACG,11.998607514682272
557,TAGCTCGAGCGCTAC,21.045275002933963
558,TAGCTGATAGTGCTC,16.59214013010082
559,TAGGAGTACATTCGC,12.492836088640942
560,TAGGGCTTTCTTGCC,12.162259282492917
561,TAGTAGCTGACGAAG,12.47244376049622
562,TAGTCTCGTCTCGAT,12.32983976778149
563,TAGTTTATTGTCACA,15.014442319978132
564,TATAAAGAATCAAAT,13.37064933640846
565,TATATAAGAGACCGG,16.971212638318832
566,TATATACACTGCTTA,17.300928412965714
567,TATCAAAACCGGTCG,12.404256491876236
568,TATCAGGCTGTTTAG,12.5394892501832
569,TATCATCTAACCGTG,12.268122019077522
570,TATCCTCATCATTTT,12.463138379290232
571,TATGAATAGCACATC,12.285503182676823
572,TATGCAATAGTACTG,12.516161509098543
573,TATGCACAGCCCCGC,12.468871556970942
574,TATGTTTCTCCACCC,14.73789817300218
575,TATTTGGTACACGCC,17.061443813157055
576,TATTTGGTAGTGAAA,16.714749888271346
577,TATTTTACACATTGT,14.785033286587572
578,TCAACTGCCTCACTT,13.330297722742367
579,TCAACTTCAGACTAT,12.230077358216986
580,TCAATGGGAAATACG,17.255889398245294
581,TCACCAGGAGAAGCC,12.58857694626254
582,TCACGCAGTGATGCC,12.202399817748583
583,TCACTAGATCTCATT,16.942840570335964
584,TCACTCTAGGCAACT,20.78481144558951
585,TCACTCTTATCGCGT,15.073889717032683
586,TCAGACTTTCGTGCA,12.125936134668455
587,TCAGAGAGCGTCCAT,12.531747608588498
588,TCAGATACTGAACCA,12.403325502133551
589,TCAGCTGAAGAAACC,13.0514536167126
590,TCAGGGCAATTACTT,12.98567347923681
591,TCAGTGGGTGCGATC,16.834696612484805
592,TCATAGGTGCAAGCC,12.51311342522824
593,TCATATAAGTATTCC,12.24979905213728
594,TCATCATCCTCAGGG,12.142656679309138
595,TCATCCCCACAAAGC,12.24965737060982
596,TCATCTAATGACACT,12.365498735855745
597,TCATGAAATGGCACC,12.431254242666045
598,TCATGGCGAGTGACC,12.451435120475734
599,TCCAACCCTTTTGGC,12.553685356571426
600,TCCAATTGGGTTGTG,12.33421160479404
601,TCCCGCCAGTGGGTT,12.430330582610267
602,TCCGACGCCGAGATC,13.229318960912233
603,TCCGAGCAACTCCGT,12.750440124205612
604,TCCGCTGTGCTTCTA,13.893594803889313
605,TCCGTCCTCCCACCG,15.039856449486916
606,TCCTACCGGGCTCAA,12.32346690268457
607,TCCTCGGTAAGCCCC,12.57055181867754
608,TCCTGGGAGCGCAGG,12.44954703072888
609,TCCTTCCTTTGTAAG,14.961898160410094
610,TCCTTCGGGACAAAG,20.794970334753867
611,TCCTTGATCCATTAT,17.30363482239097
612,TCCTTTTATAGACGT,27.6081790701796
613,TCGAATCTATAGACA,12.45918461475259
614,TCGACTGTTGTATAA,12.809318069512408
615,TCGAGACCCGTCAAT,12.390729659451262
616,TCGAGGTGGCCCTGC,12.61744125383021
617,TCGAGTTTCCGATAA,12.165439551324736
618,TCGATATAGACTCCG,16.875842441902766
619,TCGATCTGCGATTAG,16.764234288903825
620,TCGCGATCGCCATCA,12.31736421972394
621,TCGCGCATGATCTCT,12.426131089984516
622,TCGCTCAATAAGCCA,27.80877819441362
623,TCGGAGTCAAGTCAC,12.637422659793842
624,TCGGCCTAGGGTTTT,12.476334860420163
625,TCGGCGATTGAGCGG,12.438755418413493
626,TCGGGCAAGCACCAC,12.289064776969632
627,TCGGGGGCAAGGCTA,12.494651778679348
628,TCGGTCATTTCCCGC,15.11469995544
629,TCGTCATTGGTGGGA,12.269124639195573
630,TCGTCGAGTAGGGCT,12.417119199081254
631,TCGTCTCACCCACCC,12.371391362293918
632,TCGTGTTCCGGTCGG,12.04097022165222
633,TCTACACATTCGGTA,12.627712139359389
634,TCTACCAGTATTAAG,12.49237742965764
635,TCTAGCGGCCGCCGG,12.652283170986884
636,TCTAGGGTAACGGCG,12.671619368883793
637,TCTAGTTAGGCCCAC,12.406060744312978
638,TCTATAATGCCGGGA,16.774125775471106
639,TCTATCTACCATGGG,18.33447317005103
640,TCTATCTTATGCTCC,15.24334126745426
641,TCTATGGGGGAGACC,17.130651342397744
642,TCTCAGCGTTCGTAC,12.64988421525928
643,TCTCCTTCAAGCAGA,11.992065620071468
644,TCTCGCATCCTGCGA,12.677706465177216
645,TCTCGTCTATCGCAT,12.455214178175826
646,TCTGACCCACAAGTT,12.485306358126628
647,TCTGGAACTCTAGCG,12.596480419198414
648,TCTGGCCAGATGGTT,12.371574384919404
649,TCTTCCAGTGCCTCC,12.330390805716034
650,TCTTCGAGTATGCCA,12.478588206891157
651,TCTTGGCCTTTCATT,12.737403267377184
652,TCTTGGGGTATAGAT,12.566814624729194
653,TCTTTCTCCATCATA,14.685543844259737
654,TGAAACCTCATATCG,12.06354643254909
655,TGAACAATAAAATCT,12.367842120246682
656,TGAATCTCCTGCCGC,14.495273487697569
657,TGACAGATGTGAAGG,12.247197912241234
658,TGACAGGCGTCCCAG,12.276640759224856
659,TGACCTTAACTCGGC,11.868167089557094
660,TGACTACCGTCCGAA,16.384499262734394
661,TGAGAGACGTACACC,12.277267520483068
662,TGAGCGTAGGTATAC,12.540091332012896
663,TGAGCTTGAACCGGA,11.842704064495996
664,TGAGGGTCATTCACT,12.630790729197171
665,TGAGGTGTTCCTGAC,12.917247931404448
666,TGATCACGCAGGCAT,12.094532372879144
667,TGATCCAGAATTGGG,12.120335689377908
668,TGATCTCGTAAGCTA,12.34333543283376
669,TGATTACCAAACATA,16.34689447954442
670,TGATTATTTTTGGCA,16.516764999844334
671,TGCAAAGGCTTAGAT,12.467033524405652
672,TGCAGGGACGCTTCT,12.553973248876927
673,TGCATACGACGCTCG,16.978271854585635
674,TGCCTATATGACTTT,16.96868907968012
675,TGCGAAACGCTACGG,12.242788272302846
676,TGCGCTCGAGTGCAC,12.175034349790348
677,TGCGGACATCTTAAA,12.191444773753966
678,TGCGTAGCTCACAGC,16.671028690159723
679,TGCTATCAGTATCGT,12.331361203107464
680,TGCTCCCGCCCACGT,12.190475204469704
681,TGCTGCGCAATAACC,12.71487846448034
682,TGCTGGCATAGCCCC,12.32391357809732
683,TGGACCCAATTGTCA,12.352632450565082
684,TGGAGTTCTAGTTAT,12.402455063512416
685,TGGCAGTACCCGATT,12.50857710290962
686,TGGCAGTTTCTATAT,12.376318807294686
687,TGGCCGGGGACCTCG,12.216773339549787
688,TGGGAAAGCATGTGG,12.12792601462599
689,TGGGACCGATTCCAC,12.187299406030949
690,TGGGACCTCCAGTCA,12.330823250588606
691,TGGGGAGAGGAATTG,13.627472022332825
692,TGGGGTCTTTCAGTG,12.12244334116775
693,TGGGTGTGCTGTACA,16.905109742198373
694,TGGTCTCGGCAGCCC,12.331343163607126
695,TGTAAAAGATCAAAT,12.40634879274746
696,TGTAAAGTCGAACGC,13.05525098378861
697,TGTATAGCCCCAGTT,16.529108462028667
698,TGTATGCATGAGGAT,16.85823108383779
699,TGTCATCGTTTTGGC,12.29082460464748
700,TGTCGTCCTTTCGTT,12.264866097272064
701,TGTGAAGCCTTTCAT,13.216879947898027
702,TGTGAAGGACAGACG,12.499190066358224
703,TGTGAAGGATGTACA,12.566480819120036
704,TGTGATCAAAGTCGA,12.085803272496577
705,TGTGCAACTGCCCAC,12.38233241163159
706,TGTGTGGAATTCATG,17.023308580021492
707,TGTTCCGCAGATCCA,12.823043579197996
708,TGTTGAGGACGGGCC,12.513597565478817
709,TGTTGTCGGCTTTCG,12.188164169187496
710,TGTTTCTCTTTAAGG,14.5086979243591
711,TTAAACGGGCACTGA,11.036469580368056
712,TTAAATCTGATTCTT,11.061465194671728
713,TTAACCCAATGTGCC,10.432913412732582
714,TTAACGACGTAGGAG,10.38830817100592
715,TTAACTGAGTGAGAG,12.883640456841038
716,TTAATCAGCTAACCC,11.030435907972238
717,TTAATGATGCCCTGC,10.609811455058152
718,TTACACAACTGGGCA,10.860786697029948
719,TTACCCTCTATCCGA,13.454250042665448
720,TTACTGAGCTTATAC,10.90322911081456
721,TTACTTTATACATAC,10.863056383559671
722,TTAGGATACACTACA,10.78050977495654
723,TTAGGCGAGGTCGAC,11.338485528907912
724,TTAGGTCAGGACAAA,11.326976145994069
725,TTATCTTACTGAGCC,13.428646297562407
726,TTATGATCGCATCTA,13.495488823351392
727,TTATTAAATCAAGTT,13.35213711064377
728,TTATTGCTTGACGCT,13.269019347370504
729,TTCAAAGAATATGGT,10.826105896658394
730,TTCACCAATTATTGA,13.667310436414477
731,TTCACCTCAAAAGGC,12.760645384012628
732,TTCACGTGGTCTCGT,10.775025425916512
733,TTCACTGGGGAGTTA,13.034811394544263
734,TTCATAAAACGTTCC,10.789997546793575
735,TTCCCCAACGCTGAT,13.445024702205636
736,TTCCCGGGATTGTAA,10.778570362049631
737,TTCGATATGTGCGTA,10.95984868720166
738,TTCGGAGCAAACGTC,10.91974571680901
739,TTCGGATCCCACCCA,10.76503282904374
740,TTCGGTAATATCGAC,11.27713530238158
741,TTCGGTTACTACATA,11.146338453075163
742,TTCGTTTACAATAGC,10.81993301268722
743,TTCGTTTTCATTCAA,10.958733565569188
744,TTCTCGAGCAAATCC,13.271150246425307
745,TTCTTAGCACAGATG,13.508602669589854
746,TTGAACAGGGCACGT,12.62700918401606
747,TTGACCTAGATGATC,12.140838671215771
748,TTGAGGGGAAGTCGT,13.302035570953269
749,TTGAGGTTGTAGTAC,12.182492210519602
750,TTGAGTCAGACTCAC,12.525457190449965
751,TTGCCCCCAGATAAA,11.287672285723586
752,TTGCGCCCTCAGCCC,11.373245414353852
753,TTGCGCCGGCAAATA,12.03079052848554
754,TTGCGTAGTGCAAGC,12.448749235340811
755,TTGCGTTTTCGCTCA,12.009248173735608
756,TTGCTACCACATACA,11.438009119339087
757,TTGCTTGCGTCCTGT,14.28465723709052
758,TTGGAATACGGCCTA,11.88861571696276
759,TTGGACGAGTTGTTC,13.27953334169593
760,TTGGACGTTCCCGTC,13.894049075349749
761,TTGGCATGCGCATCA,12.285411542380372
762,TTGGCTCATGACCGC,12.346758399083136
763,TTGGGCCCGTTGTAA,11.585040359727529
764,TTGGGCCGGAGACAG,12.084016620711624
765,TTGTAAGCGTCCCTT,13.281982528908738
766,TTGTCGAATAGGACA,11.38486694168572
767,TTGTGTCCCTAACTG,12.29527032058092
768,TTTACCCCGACCTTG,11.56288319545058
769,TTTACTATCTGGTGA,12.060344692442609
770,TTTAGCGGCCTAATT,13.681420936372826
771,TTTAGGGCTACGATG,13.756846078186426
772,TTTATCAAATCGAAT,11.4382619193568
773,TTTCAATCTGATGGC,11.807790131524367
774,TTTCGTATATCTTTA,12.63670241763662
775,TTTCTCCGATGGGGC,12.192883653585794
776,TTTCTCCGCAGATGT,12.159823583067045
777,TTTGACCCTTGCGCG,11.524039535155188
778,TTTGCGGATGGTATG,12.589616282523508
779,TTTGCTACTCCAGTC,11.48438150734818
780,TTTGTTATCCACGCG,11.946594310860313
781,TTTTACCTCATACCT,12.564444271814889
782,TTTTAGTCTGATGCC,12.04276324432854
783,TTTTCAATGACCCGC,11.774123469255802
784,GAAATTCCATATAAC,15.803193158291108
785,GAACCGCTTCCTTAC,14.859731819857837
786,GAACCGTTAACCCCG,14.879989579893545
787,GAACGCTCGCGATAA,30.378785283485534
788,GAACTACCGTCGGCT,15.464370518733157
789,GAACTCCCGTCGACA,33.72288915866656
790,GAACTGCCAATGACG,14.80674643911462
791,GAAGAATTGCAGTCG,22.514533237584697
792,GAAGGGTCGTCTCCA,20.31344201685607
793,GAATGAGTTTCCTTA,16.408876188165756
794,GAATTAGGACCTTGC,20.010740438865508
795,GAATTCTATCGTTGC,
796,GAATTGCCGCCTTGC,27.68546141183566
797,GACAAAGTCGTGCCT,12.058690950089192
798,GACAAATAATTGTAA,11.975903476935915
799,GACAACCTTCCCCTT,12.055265214201972
800,GACAATTTGCGAGAA,11.873112782462988
801,GACAGAGGCAGCTGC,11.95586147184715
802,GACAGCTGCTGGCTT,12.163944355669749
803,GACCAAGAGGCATGT,11.912830364723154
804,GACCCCTGCACGTAC,11.976131274281377
805,GACCCGGTCCTCGAC,12.096543788668347
806,GACGAAGGACTGTCA,11.925037749615562
807,GACGCAATGAGCTGC,12.108638185138634
808,GACGGTATAAGTACA,11.888455334528375
809,GACGTCGTCCCAACA,12.207742472875177
810,GACGTTGAACCGTCG,12.26970179629558
811,GACTCGGCCGCGCTG,12.124965678868
812,GACTGTGTACCCTAA,12.037513650442976
813,GACTTAGACGTCATG,12.432400370844922
814,GAGAAGCTTCACGGT,21.57125094533896
815,GAGACCTTTCGTGTA,
816,GAGATCCTAGCAGGG,
817,GAGCAATAAACGTGG,14.5033539837948
818,GAGCCAAAGCGTTAG,14.81151978855425
819,GAGCTCAGGGATAGG,27.728082157399637
820,GAGCTGCAGGTGGGG,14.71400152049346
821,GAGGAAGTCGCCTCT,14.667807854314196
822,GAGGTCACACACACC,30.54724052849636
823,GAGGTGCTGTCGTGC,16.172213416647082
824,GAGTCAGCTGATGAA,14.987314644926794
825,GAGTCATGTTCGCAT,14.560260914583957
826,GAGTGAATTTAGGGG,16.371898837123975
827,GAGTTCTATTTGGCC,23.481180252613505
828,GAGTTGACCCCGGTA,15.372366107213953
829,GATAAATTCGCATAA,17.52779704735413
830,GATATGCCTCATCGG,26.533043577259853
831,GATGAACCGCCATTC,15.585745785973849
832,GATGCGTTCACGGAA,26.15927132990257
833,GATGGGTTACCTGGT,25.668321381814547
834,GATGTCTTGCTTAGT,
835,GATTCGGGCAGAAGC,35.009921978546075
836,GATTGATACCTTAAA,16.325818381813505
837,GATTTCGAGCACTAA,33.60949215158547
838,GATTTCTAGACGATG,
839,GATTTGACCCCACAG,33.80031591883462
840,GATTTTCTATGCGGA,16.027279681238554
841,GCAACCGTGATTCCG,40.30301517229574
842,GCAACGCATGAGGCC,26.224116824846867
843,GCAATAACTGGGCAC,20.731760056456476
844,GCAATTCCATCCGTG,15.843283628049615
845,GCACATCGCTCAGGG,24.4626289388592
846,GCACCGGATGTCTCT,14.713222323582276
847,GCACCTGCGATCCTT,34.07018103259772
848,GCACGGATCCCAACA,14.95451605420746
849,GCACTCTTCTTCTCC,30.675439120041798
850,GCAGATACGGTTGTG,20.252247875176884
851,GCAGCCCAGTCCGTT,
852,GCAGGCGTAAGGTAC,19.5876874433525
853,GCAGTTCTTGACGGT,16.031395128293003
854,GCATGCCGCTGCATA,20.334094980435303
855,GCATGGCGGACGCGG,20.067225079470504
856,GCCAGCGAACCACGC,11.890215841962355
857,GCCCATGTTTTTACG,11.94067104022071
858,GCCCCAAAACTTATG,11.96680751127542
859,GCCCCCTCAAAAAAC,11.66326683070019
860,GCCCGCATTAATTCG,11.945918084176157
861,GCCGAAGTTCCGGAG,11.789271806866648
862,GCCGACTCTTAGGCT,11.92534874148744
863,GCCGTACATCAGCAG,12.071422042490662
864,GCCGTGTTCGTTTTC,12.42355872939152
865,GCCTATGTTTCTCAA,11.99044024247495
866,GCGACTAGGATCATC,15.568078738846326
867,GCGATTCGCTGAGTC,15.742687104901774
868,GCGCGCCGAAAAGGT,29.91720454001169
869,GCGCTGAAGGTGTGA,18.47857370080681
870,GCGGCTCTCTAGTAG,27.080959453531243
871,GCGTACCAATTTGCA,21.30746642244816
872,GCGTTGACAAATCTC,15.12612355462978
873,GCGTTGATCTTACTT,14.854560186162743
874,GCTAACGGCATTATG,19.158230515036976
875,GCTAGACGCCGCGAC,18.522738366898903
876,GCTAGAGCCACTTTC,15.581294088795064
877,GCTAGCTACTCTCAG,32.44311634373844
878,GCTATACAGGGTATA,42.100555551345664
879,GCTATCTAGGTGTAG,48.98058774136037
880,GCTATTGGTGATGAG,15.80881629380106
881,GCTCCCTCAGGGTAC,
882,GCTCTCAAACGAAGA,30.11030006728102
883,GCTCTTAGGGTGGTA,34.677471587316994
884,GCTGACCACCTCACG,18.02091437307467
885,GCTGATGTCACGGAA,21.10511579777685
886,GCTGCCCTCGCACGA,
887,GCTGGCGCGGCACAT,18.071830283538365
888,GCTGTCACGAACTTG,20.760364263239843
889,GCTTAGCACTGGAGC,21.66090528296817
890,GCTTTCTTTTACTCC,46.70188971094724
891,GCTTTTCCTAGCAAA,15.847008038930293
892,GGAAAGTCGCCTGAG,20.20432408861644
893,GGAAGAGCACCCCTT,15.700439368567755
894,GGAAGAGCTTCGACT,19.548530870311435
895,GGAATAACGGGCAAA,20.85310794195676
896,GGAATATTAACGACT,
897,GGACATTGATTGCAG,23.62469289825509
898,GGACCCAAACATATT,35.840591690113264
899,GGACCCGACCGATCC,20.78127918041988
900,GGACCGGGGACTAGA,15.0342866210072
901,GGACGCCCCAAGGGG,26.94374340168467
902,GGACTTACTTAGGGT,27.488664406619023
903,GGAGACGGGAACCGT,18.423543621397062
904,GGAGGGCGGTGCCAT,20.28148693517775
905,GGAGTGATCGTCCGT,42.26461359529211
906,GGATAACTCAATTCC,16.112583899791808
907,GGATCAGCGCTAGGT,20.63538331059648
908,GGATCGCTGTGAGAA,33.10877421225249
909,GGATGAACACAGTAG,16.075407411500393
910,GGATTCAACGTGATC,26.509597083131396
911,GGCAACTCCGCCCCA,22.532025410554503
912,GGCAAGCAGAGCGGA,19.977008991765967
913,GGCAAGTCGCGACGA,20.45120101013501
914,GGCATGTCCTCGGCG,
915,GGCCCTCTTGAATGG,24.45822872453739
916,GGCCTCAGAGGCACG,24.60319218404548
917,GGCCTTGGACCGCGT,21.1969307072164
918,GGCGACAATTAGGCG,21.344397983571625
919,GGCGACTGGGTAAAC,30.12322180439848
920,GGCGAGTGTGGATAA,22.5576941571404
921,GGCGCTGCTAGTACC,15.73443482362899
922,GGCTATGACCTCGCC,21.686943682913164
923,GGCTTCCCGAATGAG,
924,GGGAAAGACCCGTCG,15.912372412209914
925,GGGAAATGATGCTCA,18.712905036301294
926,GGGAATACCACGGGA,20.88430515087908
927,GGGAGACCTAAGCAA,15.5291308705765
928,GGGATCTCACATATT,
929,GGGCAGAGCTTGACA,17.31022606265713
930,GGGCTTTCGAAGAAC,33.798387648437846
931,GGGGCGCCTGCGAGT,15.858070420309982
932,GGGTACGCGGCTCGC,28.434407120461906
933,GGGTCAACAGTGTAG,18.37210021994853
934,GGTAACGGTTCTTAA,11.975590087561097
935,GGTCGCGCAGGACAA,11.802315338289665
936,GGTGAAGGTTCAGGA,11.82116462446522
937,GGTGAGAGTAGTCTT,12.100391988844937
938,GGTGATTCGCTTATG,11.89730541252817
939,GGTGGAGCACTCTGA,11.989928163649209
940,GGTGTGCATCAGATA,12.1526091844158
941,GGTGTGGATCTGCTC,12.312071754065558
942,GGTTATCGAGCAAGA,11.845583872195506
943,GGTTCGCGTCAAACG,12.050112226238866
944,GGTTCGTATACGCCG,12.060325423244718
945,GGTTCTTTATCTCTT,12.316732275342543
946,GGTTGCTTTTGCCCA,12.154896383313783
947,GGTTTGTTGCGTTAA,12.41609415697046
948,GTAAAGGTTCTGCTG,21.54687611570852
949,GTAAGACAGGGTCCG,16.673982222145767
950,GTACACTGACGAGGA,20.406099290727536
951,GTACGGCTGAAGACG,14.902026190576006
952,GTACTGTCGCGCGCA,14.74293420000904
953,GTAGCCCGGCGATAT,
954,GTAGTCCCCATGCAG,30.530466961357572
955,GTATCAGGGTACAGA,20.568777465339394
956,GTATCTGCGGGATTT,15.726601857196409
957,GTATTGGCAGCGTCG,30.137377436690635
958,GTATTGTACTCTTTA,
959,GTCAGATACCTCTTG,12.057564821123057
960,GTCATCGCCCAGTAG,12.210281764521202
961,GTCCACTATCGCTGG,11.867966927868109
962,GTCCCCCGTTCTAAC,11.92926971136326
963,GTCCGATGGTAACGA,11.860448137492586
964,GTCGACGGAAATCGC,11.97522511039751
965,GTCGATATTCGCGTA,11.910046136578568
966,GTCGCCAGCGATATC,12.039413300762492
967,GTCGGTGCCTACTGG,12.021489826837277
968,GTCTAAGCGACCGTC,11.852614807126972
969,GTCTACACAGTGTTT,12.07845700956551
970,GTCTACGACTAAAAG,11.961866402518227
971,GTCTCCGCATTTCAC,12.104659525023672
972,GTCTCTGACTAGAAA,12.135997505400098
973,GTCTGTGAGTTGAGA,11.992565066940998
974,GTCTTTCAAACTAGA,12.2646826773929
975,GTCTTTGACATGTTC,12.358766376210184
976,GTCTTTTTATCCAGA,12.361388113403024
977,GTGAAACAAACGGGG,15.513966185372528
978,GTGACCAAGGCGGTT,24.92335604632593
979,GTGATAAGGCCGGCC,19.88576505373921
980,GTGCAATACTAGAAA,14.26186538796503
981,GTGCCACAATATTTT,14.378305029849368
982,GTGCGCTAGATGCAC,33.38022836670308
983,GTGCTACTGGCCGGC,14.906148533607036
984,GTGGATAAGCCGTAG,33.77882873345821
985,GTGGGTGGCATTCCC,24.20331694402812
986,GTGTAACTCCCACAA,14.686321797878286
987,GTGTACCCAGAGTCA,30.574757429464487
988,GTGTGATAACACCTG,18.89761703269318
989,GTGTGTATCGTCAGC,23.95248656154381
990,GTGTTATCACCTGTA,14.9371443929012
991,GTGTTGACGGTTTCA,14.89386041931681
992,GTGTTGTCAGTTAAC,15.001211313150764
993,GTTATCTCTGGGCCA,32.08640729456056
994,GTTATTAGATGAGAG,15.749831362465912
995,GTTGACGTGTCTTGA,18.75923345351768
996,GTTGCAGTCCGATCT,39.97263157742747
997,GTTGCTTCACATCAC,15.65832424525744
998,GTTTGGAGGCTGATC,20.219341943007503
999,GTTTTGAGTCTCCTA,31.078162409188387
