,Sequence,Entropy
879,GCTATCTAGGTGTAG,48.98058774
890,GCTTTCTTTTACTCC,46.70188971
905,GGAGTGATCGTCCGT,42.2646136
878,GCTATACAGGGTATA,42.10055555
841,GCAACCGTGATTCCG,40.30301517
996,GTTGCAGTCCGATCT,39.97263158
898,GGACCCAAACATATT,35.84059169
835,GATTCGGGCAGAAGC,35.00992198
883,GCTCTTAGGGTGGTA,34.67747159
847,GCACCTGCGATCCTT,34.07018103
839,GATTTGACCCCACAG,33.80031592
930,GGGCTTTCGAAGAAC,33.79838765
984,GTGGATAAGCCGTAG,33.77882873
789,GAACTCCCGTCGACA,33.72288916
837,GATTTCGAGCACTAA,33.60949215
982,GTGCGCTAGATGCAC,33.38022837
908,GGATCGCTGTGAGAA,33.10877421
877,GCTAGCTACTCTCAG,32.44311634
993,GTTATCTCTGGGCCA,32.08640729
999,GTTTTGAGTCTCCTA,31.07816241
849,GCACTCTTCTTCTCC,30.67543912
987,GTGTACCCAGAGTCA,30.57475743
822,GAGGTCACACACACC,30.54724053
954,GTAGTCCCCATGCAG,30.53046696
787,GAACGCTCGCGATAA,30.37878528
957,GTATTGGCAGCGTCG,30.13737744
919,GGCGACTGGGTAAAC,30.1232218
882,GCTCTCAAACGAAGA,30.11030007
868,GCGCGCCGAAAAGGT,29.91720454
932,GGGTACGCGGCTCGC,28.43440712
346,ACCTTCGATAAATTC,28.28499245
341,ACCGTCCATCGCCGC,28.16620069
622,TCGCTCAATAAGCCA,27.80877819
819,GAGCTCAGGGATAGG,27.72808216
796,GAATTGCCGCCTTGC,27.68546141
612,TCCTTTTATAGACGT,27.60817907
902,GGACTTACTTAGGGT,27.48866441
870,GCGGCTCTCTAGTAG,27.08095945
901,GGACGCCCCAAGGGG,26.9437434
830,GATATGCCTCATCGG,26.53304358
910,GGATTCAACGTGATC,26.50959708
842,GCAACGCATGAGGCC,26.22411682
832,GATGCGTTCACGGAA,26.15927133
833,GATGGGTTACCTGGT,25.66832138
978,GTGACCAAGGCGGTT,24.92335605
916,GGCCTCAGAGGCACG,24.60319218
845,GCACATCGCTCAGGG,24.46262894
915,GGCCCTCTTGAATGG,24.45822872
985,GTGGGTGGCATTCCC,24.20331694
989,GTGTGTATCGTCAGC,23.95248656
429,AGTATCAATAGGGAG,23.73909537
897,GGACATTGATTGCAG,23.6246929
827,GAGTTCTATTTGGCC,23.48118025
920,GGCGAGTGTGGATAA,22.55769416
911,GGCAACTCCGCCCCA,22.53202541
791,GAAGAATTGCAGTCG,22.51453324
922,GGCTATGACCTCGCC,21.68694368
889,GCTTAGCACTGGAGC,21.66090528
814,GAGAAGCTTCACGGT,21.57125095
948,GTAAAGGTTCTGCTG,21.54687612
918,GGCGACAATTAGGCG,21.34439798
379,ACTCTTGAGGATGAC,21.31067089
871,GCGTACCAATTTGCA,21.30746642
355,ACGATTTGGGGGAAT,21.21658053
917,GGCCTTGGACCGCGT,21.19693071
516,TAAATTAAATACTTG,21.11176843
885,GCTGATGTCACGGAA,21.1051158
557,TAGCTCGAGCGCTAC,21.045275
458,ATATTGGCCCATTGA,20.97676399
926,GGGAATACCACGGGA,20.88430515
895,GGAATAACGGGCAAA,20.85310794
412,AGCTTTGAGCGGGTA,20.82384987
430,AGTATCAGGACAATT,20.81088582
306,AATTTTAGTAACAGA,20.79906723
610,TCCTTCGGGACAAAG,20.79497033
584,TCACTCTAGGCAACT,20.78481145
899,GGACCCGACCGATCC,20.78127918
888,GCTGTCACGAACTTG,20.76036426
843,GCAATAACTGGGCAC,20.73176006
907,GGATCAGCGCTAGGT,20.63538331
955,GTATCAGGGTACAGA,20.56877747
425,AGGTTTAGGGAAAAC,20.48892011
913,GGCAAGTCGCGACGA,20.45120101
950,GTACACTGACGAGGA,20.40609929
436,AGTGTCCAAAGAATC,20.35115224
854,GCATGCCGCTGCATA,20.33409498
792,GAAGGGTCGTCTCCA,20.31344202
904,GGAGGGCGGTGCCAT,20.28148694
850,GCAGATACGGTTGTG,20.25224788
998,GTTTGGAGGCTGATC,20.21934194
892,GGAAAGTCGCCTGAG,20.20432409
263,AAATTCTAGAGGGAC,20.18759782
855,GCATGGCGGACGCGG,20.06722508
794,GAATTAGGACCTTGC,20.01074044
912,GGCAAGCAGAGCGGA,19.97700899
979,GTGATAAGGCCGGCC,19.88576505
852,GCAGGCGTAAGGTAC,19.58768744
894,GGAAGAGCTTCGACT,19.54853087
874,GCTAACGGCATTATG,19.15823052
988,GTGTGATAACACCTG,18.89761703
995,GTTGACGTGTCTTGA,18.75923345
358,ACGCTTTGTTTGATC,18.73028884
925,GGGAAATGATGCTCA,18.71290504
875,GCTAGACGCCGCGAC,18.52273837
869,GCGCTGAAGGTGTGA,18.4785737
903,GGAGACGGGAACCGT,18.42354362
933,GGGTCAACAGTGTAG,18.37210022
363,ACGGTTGACCGGGCT,18.37046544
639,TCTATCTACCATGGG,18.33447317
887,GCTGGCGCGGCACAT,18.07183028
884,GCTGACCACCTCACG,18.02091437
829,GATAAATTCGCATAA,17.52779705
366,ACGTTGTATTACTCT,17.40186972
929,GGGCAGAGCTTGACA,17.31022606
52,CATCCCGTTGTATAG,17.30599997
611,TCCTTGATCCATTAT,17.30363482
566,TATATACACTGCTTA,17.30092841
580,TCAATGGGAAATACG,17.2558894
530,TACATAGTTTTCGTG,17.20786323
442,AGTTTGGGCCGCTTG,17.17477247
354,ACGATGTGGAATCCC,17.15810332
641,TCTATGGGGGAGACC,17.13065134
575,TATTTGGTACACGCC,17.06144381
385,ACTTTGATCCAGGCT,17.05646771
441,AGTTTGAAACGTAGC,17.05186331
706,TGTGTGGAATTCATG,17.02330858
523,TAAGTAGGATCTAAG,17.01547093
342,ACCGTGGCGAACCCC,17.00543212
397,AGCATGGAGCTTAGG,16.99941157
673,TGCATACGACGCTCG,16.97827185
565,TATATAAGAGACCGG,16.97121264
674,TGCCTATATGACTTT,16.96868908
345,ACCTTAAGGCTTAGC,16.95613079
583,TCACTAGATCTCATT,16.94284057
301,AATGTATTAGACTTT,16.91985282
693,TGGGTGTGCTGTACA,16.90510974
391,AGAATAGTAGGGCGT,16.89857583
618,TCGATATAGACTCCG,16.87584244
552,TAGATAAGGGCCTGC,16.87026575
310,ACAATATGTCACGGC,16.86641044
431,AGTATGCGTTTGACC,16.86155652
698,TGTATGCATGAGGAT,16.85823108
591,TCAGTGGGTGCGATC,16.83469661
396,AGCATAAGAAAATAT,16.8054291
532,TACATGCTAAAGAAC,16.79353975
638,TCTATAATGCCGGGA,16.77412578
619,TCGATCTGCGATTAG,16.76423429
347,ACCTTGGCATTGCGC,16.76120866
280,AAGATGGTTGTGGCT,16.75567556
423,AGGTTAAGTTCGATT,16.75445998
538,TACCTGAACGAGGGC,16.75200557
576,TATTTGGTAGTGAAA,16.71474989
949,GTAAGACAGGGTCCG,16.67398222
678,TGCGTAGCTCACAGC,16.67102869
558,TAGCTGATAGTGCTC,16.59214013
251,AAAATAGCTCGGATC,16.58378046
547,TACTTACAACGAGAG,16.54081002
697,TGTATAGCCCCAGTT,16.52910846
670,TGATTATTTTTGGCA,16.516765
418,AGGCTATGACGACTT,16.51208283
410,AGCTTAACAAAGAGT,16.50944986
254,AAACTGGTGCTAGTC,16.47700781
264,AAATTGAGGGGACGG,16.47690637
281,AAGCTAGTCGTATCC,16.4129213
793,GAATGAGTTTCCTTA,16.40887619
660,TGACTACCGTCCGAA,16.38449926
826,GAGTGAATTTAGGGG,16.37189884
669,TGATTACCAAACATA,16.34689448
836,GATTGATACCTTAAA,16.32581838
305,AATTTATCGAGCATA,16.30472875
421,AGGGTACGCCTACCA,16.29319545
260,AAAGTATGTAGAGAA,16.29281742
411,AGCTTCGGCGTCGTG,16.27369534
61,CATTTAGCGGGTTCA,16.22111836
823,GAGGTGCTGTCGTGC,16.17221342
906,GGATAACTCAATTCC,16.1125839
909,GGATGAACACAGTAG,16.07540741
853,GCAGTTCTTGACGGT,16.03139513
840,GATTTTCTATGCGGA,16.02727968
236,CTTCCGGCTGCGTCC,15.94703626
924,GGGAAAGACCCGTCG,15.91237241
931,GGGGCGCCTGCGAGT,15.85807042
891,GCTTTTCCTAGCAAA,15.84700804
844,GCAATTCCATCCGTG,15.84328363
880,GCTATTGGTGATGAG,15.80881629
784,GAAATTCCATATAAC,15.80319316
994,GTTATTAGATGAGAG,15.74983136
867,GCGATTCGCTGAGTC,15.7426871
921,GGCGCTGCTAGTACC,15.73443482
956,GTATCTGCGGGATTT,15.72660186
893,GGAAGAGCACCCCTT,15.70043937
997,GTTGCTTCACATCAC,15.65832425
831,GATGAACCGCCATTC,15.58574579
876,GCTAGAGCCACTTTC,15.58129409
866,GCGACTAGGATCATC,15.56807874
927,GGGAGACCTAAGCAA,15.52913087
977,GTGAAACAAACGGGG,15.51396619
788,GAACTACCGTCGGCT,15.46437052
828,GAGTTGACCCCGGTA,15.37236611
372,ACTATTTTTATAGAT,15.31570974
